
[ { "NumCompte": "102010",
    "IntitulCompte": "Dotation BENIN",
    "SoldeCredit": 44829579 },
  { "NumCompte": "102020",
    "IntitulCompte": "Dotation BURKINA",
    "SoldeCredit": 65643312 },
  { "NumCompte": "102040",
    "IntitulCompte": "Dotation CENTRAFRIQUE",
    "SoldeCredit": 41326938 },
  { "NumCompte": "102050",
    "IntitulCompte": "Dotation COTE D'IVOIRE",
    "SoldeCredit": 64842784 },
  { "NumCompte": "4196200",
    "IntitulCompte": "Collectif Loyers, Burkina",
    "SoldeCredit": 472838 },
  { "NumCompte": "4116300",
    "IntitulCompte": "Collectif Loyers, Caméroun",
    "SoldeDebit": 505918 },
  { "NumCompte": "4116400",
    "IntitulCompte": "Collectif Loyers, Centrafriq",
    "SoldeDebit": 798974 },
  { "NumCompte": "4116500",
    "IntitulCompte": "Collectif Loyers, Cote Ivoire",
    "SoldeDebit": 433368 },
  { "NumCompte": "4196600",
    "IntitulCompte": "Collectif Loyers, Gabon",
    "SoldeCredit": 43677 },
  { "NumCompte": "4116700",
    "IntitulCompte": "Collectif Loyers, Niger",
    "SoldeDebit": 61586 },
  { "NumCompte": "4196800",
    "IntitulCompte": "Collectif Loyers, Togo",
    "SoldeCredit": 1943980 },
  { "NumCompte": "4116900",
    "IntitulCompte": "Collectif Loyers,  Autres Pays",
    "SoldeDebit": 219500 },
  { "NumCompte": "521240",
    "IntitulCompte": "BIA-TG C/C",
    "SoldeDebit": 1094814 },
  { "NumCompte": "521260",
    "IntitulCompte": "ECOBANK-TG (POLE D'EXCELLENCE)",
    "SoldeDebit": 4075609 },
  { "NumCompte": "522200",
    "IntitulCompte": "BANK OF AFRICA (BOA) COTONOU",
    "SoldeDebit": 1657475 },
  { "NumCompte": "570100",
    "IntitulCompte": "Caisse Revenus",
    "SoldeDebit": 28258116 },
  { "NumCompte": "570300",
    "IntitulCompte": "Caisse menue dépenses",
    "SoldeDebit": 2000 },
  { "NumCompte": "604300",
    "IntitulCompte": "Linge, Vêt & Produit Entret",
    "SoldeDebit": 964205 },
  { "NumCompte": "604710",
    "IntitulCompte": "Fournitures de Bureau",
    "SoldeDebit": 4780067 },
  { "NumCompte": "604720",
    "IntitulCompte": "Fournitures Informatiques",
    "SoldeDebit": 2222293 },
  { "NumCompte": "605110",
    "IntitulCompte": "Eau-Cité",
    "SoldeDebit": 2885230 },
  { "NumCompte": "605120",
    "IntitulCompte": "Eau-Direction",
    "SoldeDebit": 171085 },
  { "NumCompte": "605130",
    "IntitulCompte": "Eau Villa Etudiant",
    "SoldeDebit": 397880 },
  { "NumCompte": "605210",
    "IntitulCompte": "Electricité-Cité",
    "SoldeDebit": 9068279 },
  { "NumCompte": "605220",
    "IntitulCompte": "Electricité Direction",
    "SoldeDebit": 3979251 },
  { "NumCompte": "605230",
    "IntitulCompte": "Electricité Villa Etudiant",
    "SoldeDebit": 900292 },
  { "NumCompte": "605240",
    "IntitulCompte": "Electricité Villa EAMAU",
    "SoldeDebit": 303339 },
  { "NumCompte": "605300",
    "IntitulCompte": "Carburant & Lubrifiant",
    "SoldeDebit": 9137120 },
  { "NumCompte": "605500",
    "IntitulCompte": "Manuels & Fourn. Scol. & Péd.",
    "SoldeDebit": 471595 },
  { "NumCompte": "614100",
    "IntitulCompte": "Frais Transport Personnel",
    "SoldeDebit": 725440 },
  { "NumCompte": "616200",
    "IntitulCompte": "Transport de plis : EMS, DHL",
    "SoldeDebit": 1992381 },
  { "NumCompte": "618110",
    "IntitulCompte": "Transp/Miss-Etud. Enseign",
    "SoldeDebit": 661000 },
  { "NumCompte": "618120",
    "IntitulCompte": "Transp/Miss-Pers Admi",
    "SoldeDebit": 15516460 },
  { "NumCompte": "618300",
    "IntitulCompte": "Transp/Pers Expat., Admi, Expert",
    "SoldeDebit": 22462726 },
  { "NumCompte": "622600",
    "IntitulCompte": "Locat & Charges Locat Diver",
    "SoldeDebit": 14092596 },
  { "NumCompte": "622700",
    "IntitulCompte": "Location Matériel",
    "SoldeDebit": 3246497 },
  { "NumCompte": "622800",
    "IntitulCompte": "Autres Charges Locatives",
    "SoldeDebit": 4438963 },
  { "NumCompte": "622850",
    "IntitulCompte": "Locations Villa",
    "SoldeDebit": 2900000 },
  { "NumCompte": "624100",
    "IntitulCompte": "Entret. & Répar. Biens Immob.",
    "SoldeDebit": 9714645 },
  { "NumCompte": "624200",
    "IntitulCompte": "Entret. & Répart. Mobil. Bureau",
    "SoldeDebit": 15000 },
  { "NumCompte": "624300",
    "IntitulCompte": "Entret. & Répar. Mob de Loge",
    "SoldeDebit": 240000 } ]